year,day, t_mean, t_max, t_min, I, nee
2.012e+03,1.000e+00,1.037e+01,1.167e+01,6.960e+00,1.280e+00,2.252e+00
2.012e+03,2.000e+00,5.566e+00,7.320e+00,3.790e+00,4.050e+00,1.276e+00
2.012e+03,3.000e+00,8.337e+00,1.178e+01,5.270e+00,1.084e+00,-6.053e-03
2.012e+03,4.000e+00,6.495e+00,8.860e+00,4.350e+00,2.039e+00,1.320e+00
2.012e+03,5.000e+00,9.125e+00,1.137e+01,6.450e+00,3.481e+00,nan
2.012e+03,6.000e+00,6.580e+00,8.500e+00,3.230e+00,4.119e+00,nan
2.012e+03,7.000e+00,8.671e+00,1.019e+01,6.760e+00,3.923e+00,1.461e+00
2.012e+03,8.000e+00,8.115e+00,9.320e+00,6.960e+00,2.380e+00,1.875e+00
2.012e+03,9.000e+00,9.789e+00,1.142e+01,8.810e+00,2.885e+00,1.504e+00
2.012e+03,1.000e+01,9.042e+00,1.024e+01,7.940e+00,2.628e+00,1.246e+00
2.012e+03,1.100e+01,7.832e+00,9.630e+00,6.500e+00,2.213e+00,1.119e+00
2.012e+03,1.200e+01,7.549e+00,1.167e+01,3.740e+00,2.357e+00,1.158e+00
2.012e+03,1.300e+01,2.347e+00,6.200e+00,-2.250e+00,4.372e+00,nan
2.012e+03,1.400e+01,-1.423e-01,5.430e+00,-4.970e+00,4.616e+00,1.590e+00
2.012e+03,1.500e+01,3.032e+00,5.580e+00,7.200e-01,4.200e+00,8.803e-01
2.012e+03,1.600e+01,1.474e+00,6.090e+00,-1.330e+00,5.225e+00,1.137e+00
2.012e+03,1.700e+01,-1.625e-02,3.640e+00,-4.250e+00,3.372e+00,nan
2.012e+03,1.800e+01,8.892e+00,1.142e+01,3.230e+00,9.451e-01,nan
2.012e+03,1.900e+01,9.486e+00,1.142e+01,5.840e+00,2.916e+00,1.548e+00
2.012e+03,2.000e+01,7.600e+00,9.680e+00,4.920e+00,2.496e+00,1.298e+00
2.012e+03,2.100e+01,9.814e+00,1.208e+01,6.710e+00,2.488e+00,1.522e+00
2.012e+03,2.200e+01,7.691e+00,1.085e+01,4.970e+00,3.199e+00,1.085e+00
2.012e+03,2.300e+01,5.191e+00,8.190e+00,2.820e+00,3.154e+00,1.157e+00
2.012e+03,2.400e+01,5.650e+00,9.880e+00,5.000e-02,1.096e+00,nan
2.012e+03,2.500e+01,8.548e+00,9.570e+00,7.580e+00,1.475e+00,2.609e+00
2.012e+03,2.600e+01,6.160e+00,8.760e+00,2.300e+00,4.791e+00,1.944e+00
2.012e+03,2.700e+01,4.132e+00,7.830e+00,1.540e+00,5.610e+00,6.155e-01
2.012e+03,2.800e+01,3.654e+00,5.220e+00,2.410e+00,3.275e+00,1.172e+00
2.012e+03,2.900e+01,2.474e+00,3.640e+00,1.430e+00,2.783e+00,nan
2.012e+03,3.000e+01,9.473e-01,3.020e+00,-2.300e+00,3.692e+00,nan
2.012e+03,3.100e+01,-5.927e-01,1.740e+00,-2.410e+00,4.607e+00,7.079e-01
2.012e+03,3.200e+01,7.208e-02,2.460e+00,-1.840e+00,6.895e+00,nan
2.012e+03,3.300e+01,-1.770e+00,6.700e-01,-4.040e+00,7.497e+00,nan
2.012e+03,3.400e+01,-3.077e+00,5.100e-01,-5.890e+00,6.931e+00,nan
2.012e+03,3.500e+01,-2.554e+00,1.280e+00,-8.550e+00,6.358e+00,nan
2.012e+03,3.600e+01,6.727e-01,1.690e+00,5.000e-02,2.474e+00,nan
2.012e+03,3.700e+01,1.295e+00,3.020e+00,-5.000e-02,2.501e+00,nan
2.012e+03,3.800e+01,-1.144e-01,3.070e+00,-4.300e+00,6.143e+00,nan
2.012e+03,3.900e+01,-1.390e+00,-3.100e-01,-4.200e+00,1.506e+00,6.648e-01
2.012e+03,4.000e+01,-1.126e+00,3.100e-01,-2.460e+00,4.884e+00,nan
2.012e+03,4.100e+01,-1.281e+00,5.100e-01,-6.250e+00,5.353e+00,-3.223e-01
2.012e+03,4.200e+01,-4.706e+00,5.100e-01,-1.065e+01,9.663e+00,nan
2.012e+03,4.300e+01,-1.232e+00,4.250e+00,-9.110e+00,4.413e+00,nan
2.012e+03,4.400e+01,4.263e+00,6.450e+00,2.460e+00,3.308e+00,1.183e+00
2.012e+03,4.500e+01,5.738e+00,7.990e+00,3.530e+00,5.674e+00,1.147e+00
2.012e+03,4.600e+01,7.837e+00,9.880e+00,6.250e+00,5.206e+00,1.049e+00
2.012e+03,4.700e+01,7.740e+00,9.980e+00,5.990e+00,6.238e+00,1.449e+00
2.012e+03,4.800e+01,8.685e+00,1.096e+01,6.200e+00,2.822e+00,1.715e+00
2.012e+03,4.900e+01,7.103e+00,1.019e+01,2.870e+00,4.143e+00,1.504e+00
2.012e+03,5.000e+01,2.586e+00,5.890e+00,-2.300e+00,8.608e+00,1.093e-01
2.012e+03,5.100e+01,2.050e+00,7.580e+00,-4.660e+00,9.080e+00,nan
2.012e+03,5.200e+01,7.543e+00,1.039e+01,4.860e+00,5.761e+00,nan
2.012e+03,5.300e+01,7.925e+00,1.024e+01,7.120e+00,2.977e+00,1.689e+00
2.012e+03,5.400e+01,1.175e+01,1.526e+01,9.520e+00,7.287e+00,1.797e+00
2.012e+03,5.500e+01,9.959e+00,1.234e+01,8.600e+00,6.072e+00,nan
2.012e+03,5.600e+01,7.427e+00,1.044e+01,3.530e+00,9.009e+00,nan
2.012e+03,5.700e+01,6.028e+00,1.188e+01,3.600e-01,1.120e+01,nan
2.012e+03,5.800e+01,8.235e+00,1.044e+01,5.170e+00,3.436e+00,1.743e+00
2.012e+03,5.900e+01,9.608e+00,1.116e+01,8.910e+00,3.909e+00,1.505e+00
2.012e+03,6.000e+01,9.145e+00,1.162e+01,5.890e+00,4.247e+00,nan
2.012e+03,6.100e+01,6.861e+00,1.331e+01,4.600e-01,1.123e+01,nan
2.012e+03,6.200e+01,6.011e+00,1.126e+01,8.200e-01,8.264e+00,nan
2.012e+03,6.300e+01,8.600e+00,1.295e+01,5.990e+00,9.001e+00,2.051e+00
2.012e+03,6.400e+01,5.285e+00,7.990e+00,9.700e-01,2.704e+00,1.718e+00
2.012e+03,6.500e+01,5.272e+00,8.910e+00,2.410e+00,1.257e+01,-6.427e-02
2.012e+03,6.600e+01,4.314e+00,9.420e+00,9.200e-01,1.133e+01,nan
2.012e+03,6.700e+01,7.298e+00,1.137e+01,4.400e+00,5.236e+00,9.998e-01
2.012e+03,6.800e+01,6.369e+00,1.116e+01,1.690e+00,1.226e+01,1.018e+00
2.012e+03,6.900e+01,8.449e+00,1.034e+01,4.610e+00,4.026e+00,nan
2.012e+03,7.000e+01,1.079e+01,1.541e+01,7.940e+00,8.248e+00,nan
2.012e+03,7.100e+01,9.373e+00,1.505e+01,4.760e+00,1.092e+01,nan
2.012e+03,7.200e+01,6.128e+00,1.172e+01,2.000e-01,9.831e+00,nan
2.012e+03,7.300e+01,6.465e+00,1.004e+01,5.020e+00,5.601e+00,nan
2.012e+03,7.400e+01,5.951e+00,1.157e+01,3.020e+00,9.124e+00,nan
2.012e+03,7.500e+01,5.942e+00,1.505e+01,-1.380e+00,1.141e+01,nan
2.012e+03,7.600e+01,8.057e+00,8.500e+00,7.270e+00,2.732e+00,2.213e+00
2.012e+03,7.700e+01,8.055e+00,1.009e+01,6.040e+00,4.463e+00,2.086e+00
2.012e+03,7.800e+01,5.397e+00,9.010e+00,1.790e+00,1.036e+01,nan
2.012e+03,7.900e+01,6.340e+00,1.249e+01,-3.600e-01,1.782e+01,9.519e-01
2.012e+03,8.000e+01,8.275e+00,1.321e+01,2.360e+00,1.004e+01,nan
2.012e+03,8.100e+01,1.016e+01,1.505e+01,6.860e+00,1.528e+01,1.910e+00
2.012e+03,8.200e+01,1.069e+01,1.828e+01,4.100e+00,1.532e+01,nan
2.012e+03,8.300e+01,1.084e+01,1.951e+01,3.480e+00,1.561e+01,nan
2.012e+03,8.400e+01,1.153e+01,1.935e+01,3.120e+00,1.714e+01,nan
2.012e+03,8.500e+01,9.711e+00,1.556e+01,4.450e+00,1.816e+01,nan
2.012e+03,8.600e+01,1.012e+01,1.900e+01,3.070e+00,1.791e+01,nan
2.012e+03,8.700e+01,1.098e+01,1.900e+01,4.100e+00,1.922e+01,nan
2.012e+03,8.800e+01,1.168e+01,2.053e+01,2.360e+00,1.957e+01,nan
2.012e+03,8.900e+01,1.209e+01,1.853e+01,6.040e+00,1.910e+01,nan
2.012e+03,9.000e+01,1.016e+01,1.531e+01,6.040e+00,1.914e+01,nan
2.012e+03,9.100e+01,7.870e+00,1.039e+01,4.450e+00,6.254e+00,nan
2.012e+03,9.200e+01,5.737e+00,1.147e+01,-4.100e-01,2.123e+01,nan
2.012e+03,9.300e+01,6.933e+00,1.336e+01,-1.180e+00,2.054e+01,nan
2.012e+03,9.400e+01,7.281e+00,1.239e+01,6.100e-01,1.264e+01,nan
2.012e+03,9.500e+01,5.011e+00,9.320e+00,8.700e-01,1.144e+01,nan
2.012e+03,9.600e+01,5.987e+00,7.990e+00,2.360e+00,5.981e+00,1.127e+00
2.012e+03,9.700e+01,5.533e+00,1.080e+01,-1.230e+00,1.937e+01,1.185e+00
2.012e+03,9.800e+01,7.803e+00,1.055e+01,5.630e+00,8.013e+00,1.436e+00
2.012e+03,9.900e+01,9.329e+00,1.428e+01,5.530e+00,8.582e+00,nan
2.012e+03,1.000e+02,8.842e+00,9.570e+00,7.990e+00,4.379e+00,1.851e+00
2.012e+03,1.010e+02,7.431e+00,1.111e+01,4.100e+00,1.722e+01,nan
2.012e+03,1.020e+02,5.676e+00,1.152e+01,5.100e-01,1.457e+01,nan
2.012e+03,1.030e+02,5.664e+00,1.085e+01,3.100e-01,1.402e+01,nan
2.012e+03,1.040e+02,6.727e+00,1.316e+01,2.600e-01,1.766e+01,nan
2.012e+03,1.050e+02,7.147e+00,1.044e+01,4.920e+00,1.115e+01,nan
2.012e+03,1.060e+02,5.050e+00,8.240e+00,1.540e+00,1.955e+01,7.974e-01
2.012e+03,1.070e+02,4.709e+00,9.980e+00,-1.690e+00,2.169e+01,nan
2.012e+03,1.080e+02,7.592e+00,1.208e+01,4.660e+00,1.853e+01,nan
2.012e+03,1.090e+02,7.168e+00,9.320e+00,5.480e+00,1.067e+01,nan
2.012e+03,1.100e+02,6.926e+00,1.091e+01,5.320e+00,7.544e+00,nan
2.012e+03,1.110e+02,6.599e+00,9.630e+00,3.330e+00,1.482e+01,nan
2.012e+03,1.120e+02,6.729e+00,1.142e+01,1.950e+00,1.803e+01,nan
2.012e+03,1.130e+02,7.030e+00,1.219e+01,3.020e+00,1.618e+01,nan
2.012e+03,1.140e+02,6.339e+00,7.680e+00,4.610e+00,7.561e+00,nan
2.012e+03,1.150e+02,7.743e+00,1.213e+01,5.120e+00,1.574e+01,nan
2.012e+03,1.160e+02,8.331e+00,1.121e+01,4.970e+00,7.466e+00,nan
2.012e+03,1.170e+02,9.792e+00,1.188e+01,7.580e+00,1.623e+01,nan
2.012e+03,1.180e+02,1.015e+01,1.331e+01,6.910e+00,1.679e+01,7.465e-01
2.012e+03,1.190e+02,7.503e+00,8.700e+00,4.920e+00,4.264e+00,nan
2.012e+03,1.200e+02,7.966e+00,1.249e+01,4.970e+00,6.690e+00,1.749e+00
2.012e+03,1.210e+02,1.239e+01,1.720e+01,8.700e+00,2.275e+01,1.494e+00
2.012e+03,1.220e+02,1.206e+01,1.562e+01,6.910e+00,1.446e+01,nan
2.012e+03,1.230e+02,9.784e+00,1.193e+01,6.550e+00,6.308e+00,nan
2.012e+03,1.240e+02,7.597e+00,8.400e+00,6.710e+00,3.650e+00,nan
2.012e+03,1.250e+02,7.274e+00,8.400e+00,6.250e+00,5.237e+00,1.626e+00
2.012e+03,1.260e+02,6.418e+00,8.240e+00,4.400e+00,1.000e+01,7.041e-01
2.012e+03,1.270e+02,5.572e+00,7.830e+00,1.790e+00,7.348e+00,nan
2.012e+03,1.280e+02,7.441e+00,1.372e+01,7.700e-01,1.228e+01,2.667e+00
2.012e+03,1.290e+02,1.232e+01,1.623e+01,9.630e+00,1.805e+01,7.808e-01
2.012e+03,1.300e+02,1.193e+01,1.403e+01,9.270e+00,4.934e+00,5.654e+00
2.012e+03,1.310e+02,1.384e+01,1.459e+01,1.219e+01,5.133e+00,4.102e+00
2.012e+03,1.320e+02,1.134e+01,1.439e+01,6.710e+00,2.184e+01,1.081e+00
2.012e+03,1.330e+02,9.225e+00,1.367e+01,4.510e+00,2.869e+01,1.258e+00
2.012e+03,1.340e+02,9.271e+00,1.490e+01,1.790e+00,2.449e+01,nan
2.012e+03,1.350e+02,8.344e+00,1.085e+01,5.220e+00,1.047e+01,1.767e-01
2.012e+03,1.360e+02,6.559e+00,1.111e+01,4.510e+00,1.740e+01,5.665e-01
2.012e+03,1.370e+02,8.122e+00,1.311e+01,2.610e+00,2.069e+01,3.961e-01
2.012e+03,1.380e+02,9.063e+00,1.321e+01,4.250e+00,1.501e+01,-2.637e-01
2.012e+03,1.390e+02,1.074e+01,1.347e+01,7.940e+00,7.658e+00,nan
2.012e+03,1.400e+02,1.234e+01,1.597e+01,9.470e+00,1.400e+01,1.071e+00
2.012e+03,1.410e+02,9.525e+00,1.116e+01,7.880e+00,9.570e+00,5.922e-01
2.012e+03,1.420e+02,1.209e+01,1.669e+01,8.450e+00,2.259e+01,-9.456e-01
2.012e+03,1.430e+02,1.731e+01,2.396e+01,1.065e+01,2.956e+01,8.542e-01
2.012e+03,1.440e+02,1.924e+01,2.570e+01,1.275e+01,2.863e+01,nan
2.012e+03,1.450e+02,2.030e+01,2.596e+01,1.459e+01,2.571e+01,-1.064e+00
2.012e+03,1.460e+02,1.972e+01,2.504e+01,1.531e+01,3.043e+01,-1.161e+00
2.012e+03,1.470e+02,1.907e+01,2.432e+01,1.336e+01,3.139e+01,-1.728e+00
2.012e+03,1.480e+02,1.887e+01,2.514e+01,1.183e+01,3.055e+01,-3.585e+00
2.012e+03,1.490e+02,1.731e+01,2.355e+01,1.024e+01,2.543e+01,nan
2.012e+03,1.500e+02,1.729e+01,2.166e+01,1.311e+01,2.286e+01,-6.813e+00
2.012e+03,1.510e+02,1.625e+01,2.150e+01,1.162e+01,2.499e+01,-7.552e+00
2.012e+03,1.520e+02,1.445e+01,1.772e+01,1.065e+01,1.370e+01,-6.160e+00
2.012e+03,1.530e+02,1.653e+01,1.951e+01,1.331e+01,1.321e+01,-5.019e+00
2.012e+03,1.540e+02,1.482e+01,1.843e+01,1.060e+01,1.262e+01,-4.651e+00
2.012e+03,1.550e+02,1.313e+01,1.684e+01,1.055e+01,1.042e+01,-2.461e+00
2.012e+03,1.560e+02,9.641e+00,1.295e+01,6.090e+00,1.313e+01,-7.459e+00
2.012e+03,1.570e+02,9.896e+00,1.254e+01,5.480e+00,9.391e+00,nan
2.012e+03,1.580e+02,1.349e+01,1.603e+01,1.101e+01,1.848e+01,-9.630e+00
2.012e+03,1.590e+02,1.324e+01,1.428e+01,1.234e+01,7.004e+00,-4.623e-01
2.012e+03,1.600e+02,1.255e+01,1.428e+01,1.085e+01,8.937e+00,-1.768e+00
2.012e+03,1.610e+02,1.260e+01,1.669e+01,9.220e+00,2.540e+01,-1.045e+01
2.012e+03,1.620e+02,1.085e+01,1.336e+01,6.910e+00,9.221e+00,nan
2.012e+03,1.630e+02,1.080e+01,1.152e+01,9.680e+00,3.169e+00,-7.157e-01
2.012e+03,1.640e+02,1.049e+01,1.234e+01,9.270e+00,8.404e+00,-5.199e+00
2.012e+03,1.650e+02,1.187e+01,1.562e+01,8.040e+00,2.006e+01,-8.203e+00
2.012e+03,1.660e+02,1.247e+01,1.572e+01,7.420e+00,1.494e+01,-6.030e+00
2.012e+03,1.670e+02,1.372e+01,1.587e+01,1.208e+01,1.759e+01,-7.511e+00
2.012e+03,1.680e+02,1.337e+01,1.536e+01,1.213e+01,1.873e+01,-7.741e+00
2.012e+03,1.690e+02,1.373e+01,1.725e+01,1.029e+01,2.773e+01,-1.208e+01
2.012e+03,1.700e+02,1.258e+01,1.710e+01,9.320e+00,1.971e+01,-7.347e+00
2.012e+03,1.710e+02,1.392e+01,1.848e+01,8.500e+00,2.815e+01,-1.161e+01
2.012e+03,1.720e+02,1.475e+01,1.992e+01,6.550e+00,2.069e+01,nan
2.012e+03,1.730e+02,1.346e+01,1.720e+01,1.014e+01,1.216e+01,-5.349e+00
2.012e+03,1.740e+02,1.315e+01,1.536e+01,1.050e+01,1.275e+01,-6.915e+00
2.012e+03,1.750e+02,1.321e+01,1.679e+01,9.880e+00,2.091e+01,-9.792e+00
2.012e+03,1.760e+02,1.455e+01,1.859e+01,1.085e+01,2.030e+01,-7.600e+00
2.012e+03,1.770e+02,1.485e+01,1.966e+01,9.420e+00,2.598e+01,-1.352e+01
2.012e+03,1.780e+02,1.537e+01,1.884e+01,1.096e+01,1.740e+01,-9.521e+00
2.012e+03,1.790e+02,1.660e+01,1.905e+01,1.495e+01,9.712e+00,-3.785e+00
2.012e+03,1.800e+02,1.854e+01,2.442e+01,1.229e+01,2.343e+01,-8.994e+00
2.012e+03,1.810e+02,1.517e+01,1.772e+01,1.331e+01,1.728e+01,-4.898e+00
2.012e+03,1.820e+02,1.510e+01,1.715e+01,1.193e+01,2.766e+01,-9.401e+00
2.012e+03,1.830e+02,1.297e+01,1.592e+01,9.270e+00,1.870e+01,-9.061e+00
2.012e+03,1.840e+02,1.363e+01,1.485e+01,1.126e+01,8.492e+00,nan
2.012e+03,1.850e+02,1.522e+01,1.633e+01,1.423e+01,6.743e+00,3.558e+00
2.012e+03,1.860e+02,1.627e+01,1.935e+01,1.326e+01,1.326e+01,-3.227e+00
2.012e+03,1.870e+02,1.579e+01,1.935e+01,1.219e+01,1.738e+01,-7.915e+00
2.012e+03,1.880e+02,1.401e+01,1.546e+01,1.234e+01,6.580e+00,9.260e-01
2.012e+03,1.890e+02,1.381e+01,1.516e+01,1.280e+01,1.051e+01,-5.195e+00
2.012e+03,1.900e+02,1.548e+01,1.910e+01,1.280e+01,1.662e+01,-8.700e+00
2.012e+03,1.910e+02,1.478e+01,1.654e+01,1.321e+01,9.778e+00,-5.323e+00
2.012e+03,1.920e+02,1.361e+01,1.638e+01,1.137e+01,1.249e+01,-7.221e+00
2.012e+03,1.930e+02,1.369e+01,1.715e+01,1.055e+01,2.149e+01,-1.194e+01
2.012e+03,1.940e+02,1.250e+01,1.572e+01,8.600e+00,1.693e+01,-7.346e+00
2.012e+03,1.950e+02,1.453e+01,1.669e+01,1.295e+01,1.819e+01,nan
2.012e+03,1.960e+02,1.345e+01,1.608e+01,1.208e+01,9.855e+00,nan
2.012e+03,1.970e+02,1.358e+01,1.669e+01,1.085e+01,1.968e+01,nan
2.012e+03,1.980e+02,1.421e+01,1.562e+01,1.157e+01,6.290e+00,nan
2.012e+03,1.990e+02,1.702e+01,2.120e+01,1.382e+01,2.065e+01,nan
2.012e+03,2.000e+02,1.494e+01,1.684e+01,1.321e+01,9.310e+00,nan
2.012e+03,2.010e+02,1.515e+01,1.828e+01,1.162e+01,1.768e+01,nan
2.012e+03,2.020e+02,1.416e+01,1.802e+01,1.080e+01,1.677e+01,nan
2.012e+03,2.030e+02,1.454e+01,1.787e+01,1.121e+01,1.902e+01,nan
2.012e+03,2.040e+02,1.530e+01,2.007e+01,8.760e+00,2.846e+01,nan
2.012e+03,2.050e+02,1.779e+01,2.422e+01,9.110e+00,2.983e+01,nan
2.012e+03,2.060e+02,1.943e+01,2.662e+01,1.060e+01,2.941e+01,nan
2.012e+03,2.070e+02,2.089e+01,2.842e+01,1.208e+01,2.780e+01,nan
2.012e+03,2.080e+02,2.072e+01,2.662e+01,1.423e+01,2.748e+01,nan
2.012e+03,2.090e+02,1.839e+01,2.294e+01,1.475e+01,1.541e+01,nan
2.012e+03,2.100e+02,1.540e+01,1.879e+01,1.142e+01,2.319e+01,nan
2.012e+03,2.110e+02,1.249e+01,1.618e+01,9.060e+00,1.712e+01,nan
2.012e+03,2.120e+02,1.331e+01,1.756e+01,8.400e+00,1.971e+01,nan
2.012e+03,2.130e+02,1.483e+01,1.828e+01,1.106e+01,9.414e+00,nan
2.012e+03,2.140e+02,1.630e+01,2.058e+01,1.285e+01,1.389e+01,nan
2.012e+03,2.150e+02,1.614e+01,1.910e+01,1.372e+01,2.093e+01,nan
2.012e+03,2.160e+02,1.556e+01,1.946e+01,1.188e+01,2.282e+01,nan
2.012e+03,2.170e+02,1.520e+01,1.777e+01,1.183e+01,1.516e+01,-4.474e+00
2.012e+03,2.180e+02,1.465e+01,1.889e+01,1.044e+01,1.985e+01,nan
2.012e+03,2.190e+02,1.486e+01,1.864e+01,1.239e+01,1.584e+01,nan
2.012e+03,2.200e+02,1.369e+01,1.659e+01,9.570e+00,9.563e+00,-3.416e+00
2.012e+03,2.210e+02,1.799e+01,2.217e+01,1.521e+01,1.258e+01,-6.264e+00
2.012e+03,2.220e+02,1.869e+01,2.432e+01,1.265e+01,2.376e+01,-3.729e+00
2.012e+03,2.230e+02,1.828e+01,2.483e+01,1.157e+01,2.064e+01,-8.126e+00
2.012e+03,2.240e+02,1.751e+01,2.176e+01,1.290e+01,2.414e+01,-6.546e+00
2.012e+03,2.250e+02,1.734e+01,2.191e+01,1.393e+01,1.739e+01,-7.556e+00
2.012e+03,2.260e+02,1.673e+01,2.012e+01,1.352e+01,1.076e+01,-2.865e+00
2.012e+03,2.270e+02,1.829e+01,2.191e+01,1.510e+01,1.997e+01,-4.813e+00
2.012e+03,2.280e+02,1.783e+01,2.012e+01,1.582e+01,8.817e+00,nan
2.012e+03,2.290e+02,1.731e+01,1.976e+01,1.582e+01,1.563e+01,nan
2.012e+03,2.300e+02,2.022e+01,2.483e+01,1.664e+01,2.146e+01,nan
2.012e+03,2.310e+02,2.109e+01,2.611e+01,1.628e+01,2.412e+01,-6.195e+00
2.012e+03,2.320e+02,2.103e+01,2.729e+01,1.408e+01,1.952e+01,nan
2.012e+03,2.330e+02,1.792e+01,2.268e+01,1.393e+01,1.396e+01,-4.916e+00
2.012e+03,2.340e+02,1.615e+01,1.956e+01,1.311e+01,1.090e+01,nan
2.012e+03,2.350e+02,1.511e+01,1.966e+01,1.162e+01,1.627e+01,nan
2.012e+03,2.360e+02,1.466e+01,1.910e+01,1.050e+01,1.562e+01,nan
2.012e+03,2.370e+02,1.427e+01,1.802e+01,0.000e+00,8.592e+00,6.321e-01
2.012e+03,2.380e+02,1.561e+01,1.894e+01,1.336e+01,1.043e+01,-1.212e+00
2.012e+03,2.390e+02,1.505e+01,1.879e+01,1.183e+01,1.813e+01,nan
2.012e+03,2.400e+02,1.543e+01,1.900e+01,1.060e+01,1.171e+01,nan
2.012e+03,2.410e+02,1.605e+01,1.981e+01,1.306e+01,1.978e+01,nan
2.012e+03,2.420e+02,1.436e+01,1.731e+01,1.239e+01,8.199e+00,nan
2.012e+03,2.430e+02,1.410e+01,1.736e+01,9.160e+00,1.377e+01,nan
2.012e+03,2.440e+02,1.197e+01,1.654e+01,6.450e+00,2.096e+01,nan
2.012e+03,2.450e+02,1.550e+01,2.063e+01,1.178e+01,1.315e+01,nan
2.012e+03,2.460e+02,1.452e+01,1.700e+01,1.116e+01,6.145e+00,nan
2.012e+03,2.470e+02,1.750e+01,2.335e+01,1.311e+01,2.023e+01,nan
2.012e+03,2.480e+02,1.721e+01,2.268e+01,1.188e+01,1.652e+01,-2.241e+00
2.012e+03,2.490e+02,1.383e+01,1.859e+01,8.760e+00,2.189e+01,-7.044e+00
2.012e+03,2.500e+02,1.256e+01,1.900e+01,4.760e+00,1.915e+01,nan
2.012e+03,2.510e+02,1.599e+01,2.391e+01,9.220e+00,2.101e+01,nan
2.012e+03,2.520e+02,1.422e+01,2.355e+01,5.630e+00,2.015e+01,nan
2.012e+03,2.530e+02,1.474e+01,2.458e+01,5.990e+00,1.820e+01,nan
2.012e+03,2.540e+02,1.635e+01,1.787e+01,1.536e+01,7.283e+00,-2.822e+00
2.012e+03,2.550e+02,1.349e+01,1.572e+01,8.810e+00,1.653e+01,-8.351e+00
2.012e+03,2.560e+02,1.183e+01,1.649e+01,5.580e+00,1.476e+01,-7.781e+00
2.012e+03,2.570e+02,1.199e+01,1.679e+01,6.500e+00,1.921e+01,-7.118e+00
2.012e+03,2.580e+02,1.508e+01,1.859e+01,9.830e+00,1.235e+01,nan
2.012e+03,2.590e+02,1.307e+01,1.997e+01,6.400e+00,1.772e+01,nan
2.012e+03,2.600e+02,1.428e+01,1.684e+01,1.219e+01,1.007e+01,-6.482e+00
2.012e+03,2.610e+02,1.433e+01,1.746e+01,1.178e+01,1.489e+01,-8.329e+00
2.012e+03,2.620e+02,1.215e+01,1.618e+01,8.290e+00,1.668e+01,-7.305e+00
2.012e+03,2.630e+02,1.023e+01,1.495e+01,6.250e+00,1.554e+01,-4.509e+00
2.012e+03,2.640e+02,1.126e+01,1.582e+01,6.960e+00,1.244e+01,nan
2.012e+03,2.650e+02,1.075e+01,1.500e+01,6.400e+00,8.391e+00,nan
2.012e+03,2.660e+02,9.703e+00,1.423e+01,4.860e+00,1.700e+01,-4.060e+00
2.012e+03,2.670e+02,9.326e+00,1.060e+01,8.040e+00,2.127e+00,7.913e-01
2.012e+03,2.680e+02,1.239e+01,1.500e+01,1.024e+01,5.927e+00,-2.599e+00
2.012e+03,2.690e+02,1.141e+01,1.459e+01,9.520e+00,1.250e+01,-4.887e+00
2.012e+03,2.700e+02,1.067e+01,1.357e+01,8.910e+00,7.553e+00,-5.609e-01
2.012e+03,2.710e+02,1.145e+01,1.567e+01,9.110e+00,1.103e+01,-3.510e+00
2.012e+03,2.720e+02,1.141e+01,1.577e+01,7.480e+00,8.217e+00,-4.852e+00
2.012e+03,2.730e+02,1.028e+01,1.367e+01,6.200e+00,1.360e+01,-3.867e+00
2.012e+03,2.740e+02,1.085e+01,1.505e+01,3.840e+00,7.571e+00,-3.983e+00
2.012e+03,2.750e+02,1.351e+01,1.516e+01,1.111e+01,5.387e+00,nan
2.012e+03,2.760e+02,1.272e+01,1.582e+01,1.019e+01,7.295e+00,-1.549e+00
2.012e+03,2.770e+02,1.120e+01,1.331e+01,8.240e+00,8.587e+00,-4.580e+00
2.012e+03,2.780e+02,1.021e+01,1.444e+01,5.070e+00,1.262e+01,-2.213e+00
2.012e+03,2.790e+02,1.168e+01,1.546e+01,8.500e+00,5.868e+00,nan
2.012e+03,2.800e+02,8.961e+00,1.367e+01,5.220e+00,1.283e+01,-3.213e+00
2.012e+03,2.810e+02,7.432e+00,1.234e+01,1.740e+00,8.528e+00,nan
2.012e+03,2.820e+02,1.110e+01,1.254e+01,9.110e+00,2.433e+00,8.449e-01
2.012e+03,2.830e+02,1.010e+01,1.085e+01,8.860e+00,3.508e+00,7.854e-03
2.012e+03,2.840e+02,1.081e+01,1.341e+01,8.700e+00,9.350e+00,-1.789e+00
2.012e+03,2.850e+02,1.236e+01,1.536e+01,9.270e+00,1.956e+00,2.561e+00
2.012e+03,2.860e+02,9.840e+00,1.270e+01,7.270e+00,1.118e+01,nan
2.012e+03,2.870e+02,7.072e+00,1.024e+01,3.330e+00,8.810e+00,nan
2.012e+03,2.880e+02,5.335e+00,1.085e+01,-1.230e+00,1.214e+01,nan
2.012e+03,2.890e+02,8.227e+00,1.377e+01,1.950e+00,8.801e+00,nan
2.012e+03,2.900e+02,1.065e+01,1.362e+01,8.090e+00,1.063e+01,-3.899e+00
2.012e+03,2.910e+02,1.284e+01,1.505e+01,9.370e+00,8.465e+00,-2.385e-01
2.012e+03,2.920e+02,1.256e+01,1.454e+01,1.091e+01,5.888e+00,9.880e-01
2.012e+03,2.930e+02,1.087e+01,1.183e+01,1.004e+01,1.287e+00,nan
2.012e+03,2.940e+02,9.900e+00,1.270e+01,6.760e+00,5.218e+00,8.665e-01
2.012e+03,2.950e+02,1.018e+01,1.111e+01,8.960e+00,2.914e+00,3.653e-01
2.012e+03,2.960e+02,1.298e+01,1.428e+01,1.101e+01,2.418e+00,1.068e+00
2.012e+03,2.970e+02,1.223e+01,1.341e+01,1.126e+01,1.925e+00,1.699e+00
2.012e+03,2.980e+02,1.276e+01,1.459e+01,1.172e+01,3.668e+00,-4.037e-02
2.012e+03,2.990e+02,1.173e+01,1.306e+01,8.650e+00,1.497e+00,2.268e+00
2.012e+03,3.000e+02,6.556e+00,8.500e+00,3.280e+00,1.801e+00,8.044e-01
2.012e+03,3.010e+02,3.660e+00,6.910e+00,1.430e+00,6.975e+00,-1.296e+00
2.012e+03,3.020e+02,4.934e+00,8.400e+00,5.100e-01,3.305e+00,-1.611e-01
2.012e+03,3.030e+02,9.047e+00,1.193e+01,7.320e+00,5.362e+00,-1.433e+00
2.012e+03,3.040e+02,7.042e+00,9.680e+00,5.020e+00,7.445e+00,nan
2.012e+03,3.050e+02,8.444e+00,1.152e+01,4.560e+00,3.537e+00,1.761e+00
2.012e+03,3.060e+02,5.954e+00,8.350e+00,2.410e+00,6.182e+00,2.186e-01
2.012e+03,3.070e+02,5.751e+00,9.630e+00,3.430e+00,7.374e+00,nan
2.012e+03,3.080e+02,5.052e+00,9.220e+00,1.790e+00,8.125e+00,nan
2.012e+03,3.090e+02,3.139e+00,6.660e+00,-8.200e-01,2.874e+00,nan
2.012e+03,3.100e+02,4.040e+00,8.450e+00,-6.700e-01,6.985e+00,nan
2.012e+03,3.110e+02,5.433e+00,9.420e+00,-1.020e+00,6.177e+00,nan
2.012e+03,3.120e+02,7.244e+00,9.320e+00,3.740e+00,3.589e+00,nan
2.012e+03,3.130e+02,8.632e+00,1.126e+01,4.400e+00,4.507e+00,-9.974e-02
2.012e+03,3.140e+02,7.797e+00,1.091e+01,4.860e+00,2.390e+00,nan
2.012e+03,3.150e+02,7.524e+00,1.004e+01,1.950e+00,2.863e+00,nan
2.012e+03,3.160e+02,3.955e+00,9.830e+00,-4.100e-01,7.173e+00,nan
2.012e+03,3.170e+02,8.079e+00,1.188e+01,3.020e+00,1.549e+00,nan
2.012e+03,3.180e+02,1.150e+01,1.362e+01,9.880e+00,2.542e+00,nan
2.012e+03,3.190e+02,9.630e+00,1.275e+01,4.400e+00,5.535e+00,nan
2.012e+03,3.200e+02,6.351e+00,8.190e+00,4.760e+00,2.660e+00,nan
2.012e+03,3.210e+02,7.024e+00,9.630e+00,5.170e+00,1.129e+00,1.899e+00
2.012e+03,3.220e+02,9.670e+00,1.167e+01,6.250e+00,2.144e+00,2.873e+00
2.012e+03,3.230e+02,3.836e+00,9.520e+00,-1.080e+00,6.063e+00,nan
2.012e+03,3.240e+02,6.590e+00,9.930e+00,-8.700e-01,2.593e+00,3.708e+00
2.012e+03,3.250e+02,1.110e+01,1.188e+01,9.880e+00,1.204e+00,7.084e+00
2.012e+03,3.260e+02,8.498e+00,1.070e+01,5.730e+00,1.117e+00,1.761e+00
2.012e+03,3.270e+02,1.050e+01,1.183e+01,5.530e+00,2.023e+00,nan
2.012e+03,3.280e+02,6.807e+00,1.080e+01,3.020e+00,4.349e+00,nan
2.012e+03,3.290e+02,5.996e+00,1.101e+01,9.700e-01,7.574e-01,nan
2.012e+03,3.300e+02,9.560e+00,1.193e+01,6.500e+00,4.308e+00,3.609e+00
2.012e+03,3.310e+02,7.301e+00,1.009e+01,6.200e+00,2.633e+00,1.892e+00
2.012e+03,3.320e+02,6.428e+00,7.420e+00,5.840e+00,1.261e+00,2.645e+00
2.012e+03,3.330e+02,5.123e+00,6.200e+00,2.300e+00,1.146e+00,2.047e+00
2.012e+03,3.340e+02,1.907e+00,4.810e+00,-5.000e-02,5.097e+00,nan
2.012e+03,3.350e+02,1.398e-01,4.560e+00,-2.920e+00,4.653e+00,nan
2.012e+03,3.360e+02,9.644e-01,5.120e+00,-4.510e+00,3.517e+00,nan
2.012e+03,3.370e+02,1.667e+00,4.920e+00,-7.700e-01,4.505e+00,nan
2.012e+03,3.380e+02,7.032e+00,1.004e+01,2.610e+00,2.455e+00,nan
2.012e+03,3.390e+02,3.440e+00,6.760e+00,-1.020e+00,4.168e+00,nan
2.012e+03,3.400e+02,5.794e-01,3.430e+00,-3.170e+00,3.501e+00,nan
2.012e+03,3.410e+02,1.723e-01,5.430e+00,-3.890e+00,2.115e+00,nan
2.012e+03,3.420e+02,4.222e+00,6.090e+00,1.890e+00,3.722e+00,nan
2.012e+03,3.430e+02,3.894e+00,6.350e+00,8.200e-01,4.517e+00,nan
2.012e+03,3.440e+02,6.295e+00,8.090e+00,4.040e+00,1.434e+00,1.546e+00
2.012e+03,3.450e+02,2.865e+00,4.860e+00,1.000e-01,3.906e+00,nan
2.012e+03,3.460e+02,-1.267e+00,-1.500e-01,-3.690e+00,2.565e+00,7.800e-01
2.012e+03,3.470e+02,-3.386e+00,-1.020e+00,-5.480e+00,9.211e-01,nan
2.012e+03,3.480e+02,-1.120e+00,4.100e-01,-2.560e+00,1.333e+00,nan
2.012e+03,3.490e+02,6.824e+00,1.024e+01,4.100e-01,6.075e-01,2.122e+00
2.012e+03,3.500e+02,8.081e+00,1.019e+01,5.990e+00,2.235e+00,1.971e+00
2.012e+03,3.510e+02,6.857e+00,9.730e+00,5.580e+00,3.627e+00,1.254e+00
2.012e+03,3.520e+02,6.573e+00,8.760e+00,5.070e+00,3.777e+00,4.693e-01
2.012e+03,3.530e+02,5.262e+00,8.140e+00,0.000e+00,4.133e+00,nan
2.012e+03,3.540e+02,4.993e+00,7.420e+00,-1.080e+00,8.472e-01,nan
2.012e+03,3.550e+02,8.647e+00,1.019e+01,7.170e+00,5.114e-01,2.542e+00
2.012e+03,3.560e+02,7.276e+00,9.320e+00,5.530e+00,2.727e+00,nan
2.012e+03,3.570e+02,9.961e+00,1.265e+01,6.040e+00,6.389e-01,3.420e+00
2.012e+03,3.580e+02,1.082e+01,1.244e+01,8.700e+00,1.738e+00,2.358e+00
2.012e+03,3.590e+02,8.989e+00,1.152e+01,6.810e+00,6.134e-01,2.632e+00
2.012e+03,3.600e+02,7.345e+00,8.760e+00,5.840e+00,2.039e+00,2.219e+00
2.012e+03,3.610e+02,7.655e+00,9.980e+00,4.810e+00,1.315e+00,1.946e+00
2.012e+03,3.620e+02,6.708e+00,7.730e+00,5.270e+00,1.662e+00,1.259e+00
2.012e+03,3.630e+02,9.055e+00,1.157e+01,4.810e+00,6.695e-01,2.140e+00
2.012e+03,3.640e+02,9.279e+00,1.157e+01,6.040e+00,4.767e-01,3.196e+00
2.012e+03,3.650e+02,7.376e+00,1.029e+01,4.970e+00,2.448e+00,1.737e+00
2.012e+03,3.660e+02,9.958e+00,1.065e+01,8.450e+00,4.883e-01,1.937e+00
2.013e+03,1.000e+00,5.543e+00,8.400e+00,3.690e+00,4.464e+00,1.219e+00
2.013e+03,2.000e+00,6.994e+00,1.044e+01,3.530e+00,1.043e+00,1.894e+00
2.013e+03,3.000e+00,9.964e+00,1.091e+01,9.270e+00,3.171e+00,2.231e+00
2.013e+03,4.000e+00,8.669e+00,9.570e+00,7.220e+00,1.151e+00,1.730e+00
2.013e+03,5.000e+00,8.825e+00,1.009e+01,6.960e+00,1.166e+00,nan
2.013e+03,6.000e+00,6.488e+00,8.400e+00,4.810e+00,2.017e+00,2.304e+00
2.013e+03,7.000e+00,7.150e+00,8.600e+00,6.090e+00,8.010e-01,2.732e+00
2.013e+03,8.000e+00,9.086e+00,1.009e+01,8.450e+00,1.942e+00,2.033e+00
2.013e+03,9.000e+00,7.245e+00,9.220e+00,3.120e+00,2.433e+00,1.297e+00
2.013e+03,1.000e+01,3.734e+00,5.380e+00,0.000e+00,1.944e+00,nan
2.013e+03,1.100e+01,4.073e+00,6.910e+00,1.280e+00,2.320e+00,nan
2.013e+03,1.200e+01,2.754e+00,3.940e+00,1.690e+00,6.991e-01,nan
2.013e+03,1.300e+01,1.231e+00,2.510e+00,0.000e+00,2.870e+00,1.162e+00
2.013e+03,1.400e+01,5.681e-01,2.970e+00,-1.590e+00,9.165e-01,nan
2.013e+03,1.500e+01,5.379e-01,2.460e+00,-3.070e+00,4.204e+00,nan
2.013e+03,1.600e+01,-2.745e+00,-7.700e-01,-4.450e+00,2.698e+00,nan
2.013e+03,1.700e+01,-1.799e+00,1.690e+00,-4.150e+00,6.675e-01,nan
2.013e+03,1.800e+01,-8.023e-01,1.840e+00,-2.300e+00,1.061e+00,nan
2.013e+03,1.900e+01,-1.026e+00,-5.000e-02,-1.590e+00,6.702e-01,1.038e+00
2.013e+03,2.000e+01,-1.662e+00,-1.020e+00,-2.410e+00,2.951e+00,6.842e-01
2.013e+03,2.100e+01,-1.225e+00,4.600e-01,-3.640e+00,3.809e+00,nan
2.013e+03,2.200e+01,-1.650e+00,1.480e+00,-6.450e+00,1.766e+00,nan
2.013e+03,2.300e+01,2.735e-01,8.200e-01,-1.000e-01,1.206e+00,4.549e-01
2.013e+03,2.400e+01,4.167e-03,9.200e-01,-7.200e-01,1.817e+00,nan
2.013e+03,2.500e+01,6.431e-01,2.820e+00,-1.080e+00,2.357e+00,nan
2.013e+03,2.600e+01,5.095e+00,7.580e+00,2.050e+00,5.500e+00,nan
2.013e+03,2.700e+01,7.726e+00,1.004e+01,4.710e+00,5.959e+00,nan
2.013e+03,2.800e+01,6.498e+00,1.050e+01,2.300e+00,2.025e+00,1.967e+00
2.013e+03,2.900e+01,1.104e+01,1.239e+01,8.810e+00,1.019e+00,3.834e+00
2.013e+03,3.000e+01,9.472e+00,1.162e+01,6.450e+00,6.253e+00,1.141e+00
2.013e+03,3.100e+01,8.472e+00,1.004e+01,5.990e+00,4.923e+00,9.682e-01
2.013e+03,3.200e+01,5.252e+00,7.630e+00,3.690e+00,3.922e+00,9.351e-01
2.013e+03,3.300e+01,3.027e+00,4.510e+00,-5.100e-01,6.710e+00,9.444e-01
2.013e+03,3.400e+01,4.741e+00,9.220e+00,-1.740e+00,1.398e+00,1.317e+00
2.013e+03,3.500e+01,8.257e+00,9.570e+00,5.730e+00,5.634e+00,1.450e+00
2.013e+03,3.600e+01,3.877e+00,5.840e+00,1.430e+00,7.105e+00,8.394e-01
2.013e+03,3.700e+01,4.018e+00,5.990e+00,1.890e+00,3.677e+00,2.083e-01
2.013e+03,3.800e+01,2.337e+00,4.150e+00,7.200e-01,5.316e+00,nan
2.013e+03,3.900e+01,2.501e+00,4.350e+00,2.000e-01,6.708e+00,8.310e-01
2.013e+03,4.000e+01,1.745e+00,2.660e+00,1.080e+00,1.967e+00,nan
2.013e+03,4.100e+01,3.773e+00,5.120e+00,2.710e+00,1.026e+00,1.282e+00
2.013e+03,4.200e+01,7.771e-01,2.870e+00,-5.000e-02,1.380e+00,nan
2.013e+03,4.300e+01,6.738e-01,1.430e+00,-5.000e-02,3.095e+00,nan
2.013e+03,4.400e+01,7.794e-01,3.940e+00,-4.600e-01,2.855e+00,1.507e+00
2.013e+03,4.500e+01,7.335e+00,1.009e+01,4.150e+00,7.266e+00,1.241e+00
2.013e+03,4.600e+01,4.495e+00,9.060e+00,4.100e-01,7.910e+00,nan
2.013e+03,4.700e+01,4.530e+00,8.810e+00,9.200e-01,5.109e+00,nan
2.013e+03,4.800e+01,3.016e+00,8.760e+00,-1.740e+00,9.490e+00,nan
2.013e+03,4.900e+01,3.481e+00,7.480e+00,1.000e-01,1.050e+01,nan
2.013e+03,5.000e+01,2.708e+00,9.880e+00,-3.790e+00,1.062e+01,nan
2.013e+03,5.100e+01,1.576e+00,4.970e+00,-7.200e-01,5.766e+00,6.932e-01
2.013e+03,5.200e+01,1.346e-01,2.000e+00,-1.690e+00,6.976e+00,9.280e-01
2.013e+03,5.300e+01,-1.115e-01,5.600e-01,-5.600e-01,2.997e+00,nan
2.013e+03,5.400e+01,-5.896e-02,1.280e+00,-1.480e+00,4.479e+00,4.306e-01
2.013e+03,5.500e+01,1.852e-01,1.020e+00,-1.540e+00,2.337e+00,1.120e+00
2.013e+03,5.600e+01,2.076e+00,3.230e+00,2.000e-01,2.297e+00,7.322e-01
2.013e+03,5.700e+01,3.033e+00,4.040e+00,1.840e+00,1.270e+00,9.031e-01
2.013e+03,5.800e+01,2.528e+00,4.560e+00,1.080e+00,4.465e+00,nan
2.013e+03,5.900e+01,3.333e+00,6.660e+00,4.100e-01,5.460e+00,nan
2.013e+03,6.000e+01,3.509e+00,5.680e+00,1.380e+00,3.094e+00,nan
2.013e+03,6.100e+01,1.844e+00,3.580e+00,-1.540e+00,5.622e+00,5.166e-01
2.013e+03,6.200e+01,1.759e+00,6.140e+00,-3.120e+00,3.909e+00,nan
2.013e+03,6.300e+01,4.141e+00,1.055e+01,-7.700e-01,1.321e+01,nan
2.013e+03,6.400e+01,6.057e+00,1.388e+01,-2.710e+00,1.295e+01,nan
2.013e+03,6.500e+01,9.148e+00,1.336e+01,4.970e+00,4.392e+00,nan
2.013e+03,6.600e+01,8.363e+00,9.880e+00,6.660e+00,3.334e+00,nan
2.013e+03,6.700e+01,9.055e+00,9.780e+00,8.600e+00,2.203e+00,nan
2.013e+03,6.800e+01,6.698e+00,8.650e+00,3.580e+00,4.823e+00,nan
2.013e+03,6.900e+01,1.910e+00,3.170e+00,2.600e-01,2.409e+00,1.172e+00
2.013e+03,7.000e+01,-1.056e+00,2.600e-01,-2.410e+00,4.456e+00,4.605e-01
2.013e+03,7.100e+01,-9.042e-02,3.330e+00,-2.820e+00,1.398e+01,6.670e-01
2.013e+03,7.200e+01,2.257e+00,5.270e+00,-6.100e-01,1.156e+01,nan
2.013e+03,7.300e+01,1.562e+00,5.680e+00,-2.610e+00,1.415e+01,nan
2.013e+03,7.400e+01,5.208e+00,7.780e+00,8.700e-01,6.787e+00,1.901e+00
2.013e+03,7.500e+01,5.657e+00,6.760e+00,4.100e+00,6.349e+00,1.567e+00
2.013e+03,7.600e+01,2.976e+00,6.400e+00,-5.000e-02,5.154e+00,nan
2.013e+03,7.700e+01,2.069e+00,4.920e+00,-2.000e+00,4.641e+00,nan
2.013e+03,7.800e+01,4.032e+00,7.480e+00,1.890e+00,8.123e+00,nan
2.013e+03,7.900e+01,2.784e+00,5.480e+00,6.700e-01,6.859e+00,nan
2.013e+03,8.000e+01,3.207e+00,5.430e+00,9.700e-01,5.960e+00,nan
2.013e+03,8.100e+01,3.643e+00,6.760e+00,2.050e+00,7.313e+00,nan
2.013e+03,8.200e+01,1.130e+00,2.970e+00,5.000e-02,2.798e+00,7.404e-01
2.013e+03,8.300e+01,-2.458e-01,7.200e-01,-1.020e+00,2.517e+00,8.225e-01
2.013e+03,8.400e+01,2.310e-01,5.600e-01,-2.000e-01,5.029e+00,nan
2.013e+03,8.500e+01,2.131e-01,7.200e-01,-2.600e-01,5.879e+00,1.185e+00
2.013e+03,8.600e+01,1.021e+00,3.430e+00,-8.700e-01,1.096e+01,5.293e-01
2.013e+03,8.700e+01,1.103e+00,3.020e+00,-1.130e+00,8.552e+00,nan
2.013e+03,8.800e+01,1.091e+00,4.040e+00,-2.360e+00,1.032e+01,nan
2.013e+03,8.900e+01,1.507e+00,4.350e+00,-7.700e-01,8.446e+00,4.502e-01
2.013e+03,9.000e+01,7.862e-01,4.100e+00,-3.230e+00,1.248e+01,nan
2.013e+03,9.100e+01,1.844e+00,4.560e+00,0.000e+00,9.584e+00,5.043e-01
2.013e+03,9.200e+01,2.518e+00,6.550e+00,-1.380e+00,2.124e+01,7.832e-01
2.013e+03,9.300e+01,1.365e+00,3.330e+00,-1.740e+00,7.136e+00,6.524e-01
2.013e+03,9.400e+01,1.330e+00,2.150e+00,5.100e-01,3.831e+00,6.047e-01
2.013e+03,9.500e+01,3.168e+00,6.660e+00,7.700e-01,7.196e+00,6.282e-01
2.013e+03,9.600e+01,3.612e+00,8.650e+00,-1.330e+00,2.023e+01,1.473e+00
2.013e+03,9.700e+01,3.039e+00,7.480e+00,-3.430e+00,1.845e+01,nan
2.013e+03,9.800e+01,5.577e+00,8.910e+00,2.920e+00,1.002e+01,nan
2.013e+03,9.900e+01,4.845e+00,6.760e+00,3.070e+00,4.329e+00,nan
2.013e+03,1.000e+02,5.303e+00,8.140e+00,2.410e+00,9.607e+00,nan
2.013e+03,1.010e+02,7.995e+00,1.167e+01,5.530e+00,1.060e+01,1.007e+00
2.013e+03,1.020e+02,8.342e+00,1.126e+01,6.450e+00,1.075e+01,nan
2.013e+03,1.030e+02,8.083e+00,1.106e+01,4.400e+00,5.682e+00,1.265e+00
2.013e+03,1.040e+02,1.277e+01,1.623e+01,1.034e+01,1.558e+01,2.795e+00
2.013e+03,1.050e+02,1.087e+01,1.311e+01,7.830e+00,1.495e+01,2.770e+00
2.013e+03,1.060e+02,1.092e+01,1.439e+01,8.040e+00,1.747e+01,2.225e+00
2.013e+03,1.070e+02,1.174e+01,1.582e+01,8.700e+00,1.372e+01,2.935e+00
2.013e+03,1.080e+02,9.550e+00,1.244e+01,6.860e+00,1.750e+01,1.229e+00
2.013e+03,1.090e+02,8.805e+00,1.219e+01,6.040e+00,1.981e+01,1.060e+00
2.013e+03,1.100e+02,7.078e+00,1.295e+01,5.600e-01,2.613e+01,2.972e+00
2.013e+03,1.110e+02,5.918e+00,1.193e+01,-2.300e+00,2.116e+01,nan
2.013e+03,1.120e+02,9.240e+00,1.270e+01,6.040e+00,1.360e+01,2.952e+00
2.013e+03,1.130e+02,1.329e+01,1.930e+01,8.700e+00,2.510e+01,2.532e+00
2.013e+03,1.140e+02,1.137e+01,1.613e+01,6.500e+00,1.489e+01,nan
2.013e+03,1.150e+02,1.337e+01,1.981e+01,8.650e+00,2.365e+01,nan
2.013e+03,1.160e+02,8.051e+00,1.091e+01,4.920e+00,1.802e+01,nan
2.013e+03,1.170e+02,4.851e+00,9.520e+00,2.300e+00,1.430e+01,nan
2.013e+03,1.180e+02,5.599e+00,9.780e+00,-1.540e+00,1.552e+01,nan
2.013e+03,1.190e+02,9.181e+00,1.260e+01,6.090e+00,2.006e+01,nan
2.013e+03,1.200e+02,8.551e+00,1.311e+01,3.120e+00,2.600e+01,nan
2.013e+03,1.210e+02,8.863e+00,1.485e+01,2.250e+00,2.725e+01,nan
2.013e+03,1.220e+02,1.072e+01,1.659e+01,3.890e+00,2.829e+01,1.890e+00
2.013e+03,1.230e+02,1.055e+01,1.649e+01,1.790e+00,2.768e+01,nan
2.013e+03,1.240e+02,1.041e+01,1.444e+01,6.710e+00,1.449e+01,2.055e+00
2.013e+03,1.250e+02,1.188e+01,1.669e+01,5.890e+00,1.596e+01,1.984e+00
2.013e+03,1.260e+02,1.292e+01,1.843e+01,5.990e+00,2.556e+01,nan
2.013e+03,1.270e+02,1.318e+01,1.992e+01,4.150e+00,2.855e+01,nan
2.013e+03,1.280e+02,1.172e+01,1.382e+01,8.350e+00,1.056e+01,2.147e+00
2.013e+03,1.290e+02,8.920e+00,1.183e+01,5.380e+00,1.688e+01,1.491e+00
2.013e+03,1.300e+02,1.105e+01,1.516e+01,7.220e+00,1.848e+01,1.652e+00
2.013e+03,1.310e+02,8.678e+00,1.270e+01,5.530e+00,1.528e+01,nan
2.013e+03,1.320e+02,8.987e+00,1.188e+01,5.320e+00,1.550e+01,1.553e+00
2.013e+03,1.330e+02,1.027e+01,1.290e+01,6.860e+00,1.984e+01,1.135e+00
2.013e+03,1.340e+02,7.685e+00,9.270e+00,6.300e+00,9.353e+00,6.056e-01
2.013e+03,1.350e+02,7.668e+00,1.254e+01,4.970e+00,1.238e+01,8.925e-01
2.013e+03,1.360e+02,8.297e+00,1.321e+01,-1.000e-01,2.127e+01,6.826e-01
2.013e+03,1.370e+02,8.161e+00,1.142e+01,1.890e+00,1.385e+01,nan
2.013e+03,1.380e+02,1.077e+01,1.469e+01,5.580e+00,1.707e+01,nan
2.013e+03,1.390e+02,1.285e+01,1.731e+01,8.240e+00,2.025e+01,nan
2.013e+03,1.400e+02,1.321e+01,1.684e+01,9.270e+00,8.047e+00,2.831e+00
2.013e+03,1.410e+02,1.302e+01,1.475e+01,1.091e+01,9.284e+00,nan
2.013e+03,1.420e+02,1.094e+01,1.398e+01,7.480e+00,1.428e+01,-4.838e-01
2.013e+03,1.430e+02,6.498e+00,9.110e+00,4.200e+00,1.915e+01,nan
2.013e+03,1.440e+02,5.765e+00,7.940e+00,3.580e+00,7.662e+00,nan
2.013e+03,1.450e+02,9.044e+00,1.393e+01,4.970e+00,2.712e+01,-4.406e+00
2.013e+03,1.460e+02,1.149e+01,1.746e+01,5.530e+00,2.849e+01,-5.024e+00
2.013e+03,1.470e+02,1.043e+01,1.449e+01,2.920e+00,3.063e+01,-3.283e+00
2.013e+03,1.480e+02,8.884e+00,1.019e+01,7.270e+00,4.970e+00,-4.568e+00
2.013e+03,1.490e+02,9.347e+00,1.244e+01,4.040e+00,1.295e+01,-5.288e+00
2.013e+03,1.500e+02,1.216e+01,1.449e+01,1.060e+01,1.008e+01,-5.846e+00
2.013e+03,1.510e+02,1.474e+01,2.002e+01,1.009e+01,2.366e+01,nan
2.013e+03,1.520e+02,1.295e+01,1.695e+01,9.370e+00,3.121e+01,-6.472e+00
2.013e+03,1.530e+02,1.240e+01,1.638e+01,7.630e+00,2.746e+01,-7.795e+00
2.013e+03,1.540e+02,1.221e+01,1.736e+01,4.860e+00,2.956e+01,nan
2.013e+03,1.550e+02,1.304e+01,1.925e+01,5.430e+00,3.188e+01,-3.697e+00
2.013e+03,1.560e+02,1.329e+01,1.956e+01,7.880e+00,2.982e+01,3.230e+00
2.013e+03,1.570e+02,1.418e+01,2.079e+01,7.680e+00,3.072e+01,-1.991e+00
2.013e+03,1.580e+02,1.391e+01,1.946e+01,9.570e+00,1.877e+01,-6.669e+00
2.013e+03,1.590e+02,1.264e+01,1.679e+01,7.940e+00,3.197e+01,-8.537e+00
2.013e+03,1.600e+02,1.141e+01,1.413e+01,8.910e+00,1.930e+01,-9.413e+00
2.013e+03,1.610e+02,1.059e+01,1.408e+01,7.010e+00,1.301e+01,-5.872e+00
2.013e+03,1.620e+02,1.190e+01,1.495e+01,7.120e+00,1.005e+01,nan
2.013e+03,1.630e+02,1.377e+01,1.551e+01,1.219e+01,6.224e+00,-7.124e+00
2.013e+03,1.640e+02,1.323e+01,1.587e+01,9.880e+00,1.173e+01,-1.461e+00
2.013e+03,1.650e+02,1.216e+01,1.613e+01,7.480e+00,1.980e+01,-6.982e+00
2.013e+03,1.660e+02,1.236e+01,1.500e+01,9.220e+00,2.076e+01,-8.282e+00
2.013e+03,1.670e+02,1.263e+01,1.536e+01,1.039e+01,1.597e+01,-9.715e+00
2.013e+03,1.680e+02,1.518e+01,1.915e+01,1.111e+01,1.538e+01,-1.117e+01
2.013e+03,1.690e+02,1.616e+01,1.971e+01,1.260e+01,1.354e+01,nan
2.013e+03,1.700e+02,1.862e+01,2.355e+01,1.316e+01,1.949e+01,-1.086e+01
2.013e+03,1.710e+02,1.646e+01,1.802e+01,1.254e+01,7.450e+00,-1.080e+01
2.013e+03,1.720e+02,1.507e+01,1.935e+01,1.167e+01,1.575e+01,nan
2.013e+03,1.730e+02,1.307e+01,1.608e+01,1.085e+01,1.563e+01,nan
2.013e+03,1.740e+02,1.349e+01,1.485e+01,1.188e+01,1.217e+01,nan
2.013e+03,1.750e+02,1.258e+01,1.556e+01,9.160e+00,1.579e+01,nan
2.013e+03,1.760e+02,1.333e+01,1.818e+01,6.450e+00,2.377e+01,nan
2.013e+03,1.770e+02,1.452e+01,1.930e+01,7.120e+00,2.003e+01,nan
2.013e+03,1.780e+02,1.365e+01,1.833e+01,1.065e+01,1.908e+01,nan
2.013e+03,1.790e+02,1.570e+01,2.084e+01,1.178e+01,1.056e+01,nan
2.013e+03,1.800e+02,1.621e+01,2.063e+01,1.306e+01,2.728e+01,-1.229e+01
2.013e+03,1.810e+02,1.761e+01,2.248e+01,1.270e+01,3.042e+01,-1.121e+01
2.013e+03,1.820e+02,1.481e+01,1.823e+01,1.111e+01,2.366e+01,-1.321e+01
2.013e+03,1.830e+02,1.267e+01,1.546e+01,8.650e+00,9.996e+00,-5.886e+00
2.013e+03,1.840e+02,1.526e+01,1.848e+01,1.203e+01,1.432e+01,-9.290e+00
2.013e+03,1.850e+02,1.597e+01,2.130e+01,1.039e+01,1.369e+01,-8.673e+00
2.013e+03,1.860e+02,1.655e+01,2.365e+01,8.910e+00,2.859e+01,nan
2.013e+03,1.870e+02,1.794e+01,2.514e+01,8.400e+00,2.862e+01,nan
2.013e+03,1.880e+02,2.054e+01,2.708e+01,1.239e+01,3.022e+01,-5.841e+00
2.013e+03,1.890e+02,1.988e+01,2.540e+01,1.393e+01,3.044e+01,nan
2.013e+03,1.900e+02,1.881e+01,2.504e+01,1.249e+01,3.076e+01,-8.250e+00
2.013e+03,1.910e+02,1.730e+01,2.273e+01,1.096e+01,2.759e+01,-8.635e+00
2.013e+03,1.920e+02,1.516e+01,2.120e+01,9.160e+00,3.041e+01,-1.027e+01
2.013e+03,1.930e+02,1.633e+01,2.314e+01,1.034e+01,2.654e+01,nan
2.013e+03,1.940e+02,2.066e+01,2.898e+01,1.198e+01,2.802e+01,nan
2.013e+03,1.950e+02,2.164e+01,2.744e+01,1.413e+01,2.592e+01,nan
2.013e+03,1.960e+02,2.164e+01,2.760e+01,1.572e+01,2.908e+01,-8.022e+00
2.013e+03,1.970e+02,2.107e+01,2.729e+01,1.347e+01,2.460e+01,nan
2.013e+03,1.980e+02,2.143e+01,2.821e+01,1.352e+01,2.537e+01,nan
2.013e+03,1.990e+02,2.150e+01,2.698e+01,1.469e+01,2.844e+01,-8.223e+00
2.013e+03,2.000e+02,2.029e+01,2.601e+01,1.326e+01,3.011e+01,-6.723e+00
2.013e+03,2.010e+02,1.862e+01,2.253e+01,1.516e+01,2.096e+01,-8.623e+00
2.013e+03,2.020e+02,1.966e+01,2.606e+01,1.413e+01,2.185e+01,-8.403e+00
2.013e+03,2.030e+02,2.227e+01,2.918e+01,1.669e+01,2.420e+01,nan
2.013e+03,2.040e+02,1.972e+01,2.534e+01,1.521e+01,1.890e+01,-7.549e+00
2.013e+03,2.050e+02,1.787e+01,2.304e+01,1.311e+01,2.420e+01,-9.920e+00
2.013e+03,2.060e+02,1.788e+01,2.176e+01,1.290e+01,2.069e+01,nan
2.013e+03,2.070e+02,1.754e+01,2.340e+01,1.014e+01,2.216e+01,nan
2.013e+03,2.080e+02,1.685e+01,2.545e+01,9.830e+00,1.729e+01,-5.450e+00
2.013e+03,2.090e+02,1.744e+01,2.079e+01,1.367e+01,2.093e+01,-7.153e+00
2.013e+03,2.100e+02,1.748e+01,2.033e+01,1.521e+01,2.457e+01,-5.292e+00
2.013e+03,2.110e+02,1.651e+01,1.961e+01,1.459e+01,6.953e+00,-3.810e-01
2.013e+03,2.120e+02,1.765e+01,2.094e+01,1.423e+01,1.143e+01,nan
2.013e+03,2.130e+02,2.254e+01,3.031e+01,1.526e+01,2.678e+01,-5.272e+00
2.013e+03,2.140e+02,1.807e+01,2.196e+01,1.521e+01,1.759e+01,-4.719e+00
2.013e+03,2.150e+02,1.703e+01,2.074e+01,1.413e+01,2.334e+01,-6.032e+00
2.013e+03,2.160e+02,1.712e+01,2.038e+01,1.367e+01,1.840e+01,-8.874e+00
2.013e+03,2.170e+02,1.670e+01,1.971e+01,1.388e+01,1.006e+01,nan
2.013e+03,2.180e+02,1.588e+01,2.145e+01,9.980e+00,2.445e+01,nan
2.013e+03,2.190e+02,1.594e+01,2.074e+01,1.111e+01,1.618e+01,-9.796e+00
2.013e+03,2.200e+02,1.595e+01,2.166e+01,8.190e+00,2.161e+01,-9.594e+00
2.013e+03,2.210e+02,1.782e+01,2.150e+01,1.423e+01,2.121e+01,-8.605e+00
2.013e+03,2.220e+02,1.550e+01,1.981e+01,9.570e+00,1.636e+01,-1.109e+01
2.013e+03,2.230e+02,1.690e+01,2.038e+01,1.280e+01,1.999e+01,-9.640e+00
2.013e+03,2.240e+02,1.505e+01,1.925e+01,1.111e+01,1.669e+01,-1.087e+01
2.013e+03,2.250e+02,1.441e+01,1.859e+01,8.960e+00,1.577e+01,nan
2.013e+03,2.260e+02,1.496e+01,1.951e+01,9.220e+00,1.488e+01,nan
2.013e+03,2.270e+02,1.814e+01,2.120e+01,1.536e+01,1.499e+01,nan
2.013e+03,2.280e+02,1.719e+01,2.048e+01,1.423e+01,9.621e+00,-5.903e+00
2.013e+03,2.290e+02,1.498e+01,1.787e+01,1.137e+01,9.587e+00,-5.618e+00
2.013e+03,2.300e+02,1.694e+01,2.017e+01,1.418e+01,1.549e+01,-9.602e+00
2.013e+03,2.310e+02,1.587e+01,2.053e+01,1.111e+01,1.908e+01,nan
2.013e+03,2.320e+02,1.527e+01,2.104e+01,8.700e+00,1.683e+01,nan
2.013e+03,2.330e+02,1.664e+01,2.345e+01,8.700e+00,2.204e+01,nan
2.013e+03,2.340e+02,1.818e+01,2.237e+01,1.480e+01,1.793e+01,-7.269e+00
2.013e+03,2.350e+02,1.931e+01,2.478e+01,1.403e+01,1.589e+01,nan
2.013e+03,2.360e+02,1.613e+01,1.777e+01,1.398e+01,4.158e+00,-9.736e-01
2.013e+03,2.370e+02,1.643e+01,2.237e+01,1.193e+01,1.261e+01,-6.002e+00
2.013e+03,2.380e+02,1.824e+01,2.417e+01,1.285e+01,1.874e+01,nan
2.013e+03,2.390e+02,1.513e+01,2.176e+01,9.060e+00,2.242e+01,nan
2.013e+03,2.400e+02,1.598e+01,2.258e+01,1.029e+01,2.174e+01,-7.846e+00
2.013e+03,2.410e+02,1.664e+01,2.156e+01,1.132e+01,1.711e+01,nan
2.013e+03,2.420e+02,1.754e+01,2.268e+01,1.306e+01,1.610e+01,-7.071e+00
2.013e+03,2.430e+02,1.533e+01,1.879e+01,1.019e+01,2.308e+01,-7.278e+00
2.013e+03,2.440e+02,1.346e+01,1.940e+01,5.990e+00,1.587e+01,nan
2.013e+03,2.450e+02,1.685e+01,2.350e+01,9.780e+00,2.127e+01,-7.691e+00
2.013e+03,2.460e+02,1.687e+01,2.350e+01,1.075e+01,1.359e+01,nan
2.013e+03,2.470e+02,1.692e+01,2.540e+01,8.400e+00,2.121e+01,nan
2.013e+03,2.480e+02,1.836e+01,2.683e+01,9.830e+00,1.952e+01,nan
2.013e+03,2.490e+02,1.346e+01,1.654e+01,1.075e+01,8.255e+00,nan
2.013e+03,2.500e+02,1.155e+01,1.618e+01,8.600e+00,1.623e+01,nan
2.013e+03,2.510e+02,1.055e+01,1.428e+01,6.760e+00,1.332e+01,nan
2.013e+03,2.520e+02,1.099e+01,1.587e+01,7.120e+00,9.132e+00,nan
2.013e+03,2.530e+02,1.262e+01,1.577e+01,8.700e+00,1.279e+01,-7.570e+00
2.013e+03,2.540e+02,1.299e+01,1.567e+01,1.101e+01,1.003e+01,-6.265e+00
2.013e+03,2.550e+02,1.437e+01,1.853e+01,1.157e+01,9.422e+00,-3.159e+00
2.013e+03,2.560e+02,1.651e+01,1.915e+01,1.213e+01,5.876e+00,1.372e+00
2.013e+03,2.570e+02,1.041e+01,1.265e+01,8.190e+00,8.083e+00,-5.547e+00
2.013e+03,2.580e+02,1.047e+01,1.536e+01,3.230e+00,5.923e+00,-2.763e+00
2.013e+03,2.590e+02,1.005e+01,1.367e+01,7.320e+00,1.580e+01,-7.754e+00
2.013e+03,2.600e+02,1.119e+01,1.567e+01,6.860e+00,4.194e+00,-1.193e+00
2.013e+03,2.610e+02,1.166e+01,1.418e+01,8.350e+00,1.092e+01,-4.890e+00
2.013e+03,2.620e+02,1.148e+01,1.623e+01,5.990e+00,6.051e+00,-2.385e+00
2.013e+03,2.630e+02,1.239e+01,1.736e+01,8.140e+00,1.554e+01,nan
2.013e+03,2.640e+02,1.329e+01,1.679e+01,7.220e+00,5.533e+00,-4.100e+00
2.013e+03,2.650e+02,1.693e+01,1.859e+01,1.393e+01,4.805e+00,-1.887e+00
2.013e+03,2.660e+02,1.531e+01,1.981e+01,1.101e+01,8.090e+00,nan
2.013e+03,2.670e+02,1.339e+01,2.058e+01,7.990e+00,1.143e+01,nan
2.013e+03,2.680e+02,1.504e+01,2.099e+01,0.000e+00,1.013e+01,nan
2.013e+03,2.690e+02,1.419e+01,1.638e+01,1.116e+01,6.675e+00,-1.115e+00
2.013e+03,2.700e+02,1.248e+01,1.633e+01,9.060e+00,1.072e+01,-5.424e+00
2.013e+03,2.710e+02,1.390e+01,1.787e+01,1.085e+01,6.999e+00,-2.344e+00
2.013e+03,2.720e+02,1.390e+01,1.700e+01,1.188e+01,1.016e+01,-4.096e+00
2.013e+03,2.730e+02,1.405e+01,1.700e+01,1.178e+01,5.216e+00,-1.650e+00
2.013e+03,2.740e+02,1.309e+01,1.505e+01,9.830e+00,2.681e+00,5.465e-03
2.013e+03,2.750e+02,1.570e+01,1.925e+01,1.352e+01,8.704e+00,-2.445e+00
2.013e+03,2.760e+02,1.603e+01,1.828e+01,1.239e+01,3.492e+00,1.271e+00
2.013e+03,2.770e+02,1.651e+01,1.853e+01,1.393e+01,8.018e+00,-1.065e+00
2.013e+03,2.780e+02,1.452e+01,1.792e+01,1.014e+01,5.831e+00,nan
2.013e+03,2.790e+02,1.185e+01,1.792e+01,5.580e+00,1.214e+01,nan
2.013e+03,2.800e+02,1.404e+01,1.777e+01,9.830e+00,7.525e+00,-1.625e+00
2.013e+03,2.810e+02,1.549e+01,1.848e+01,1.224e+01,9.622e+00,-2.433e+00
2.013e+03,2.820e+02,1.225e+01,1.551e+01,7.420e+00,6.294e+00,-1.538e+00
2.013e+03,2.830e+02,8.210e+00,1.055e+01,6.350e+00,1.217e+01,-4.280e+00
2.013e+03,2.840e+02,1.053e+01,1.254e+01,7.170e+00,5.505e+00,-1.041e+00
2.013e+03,2.850e+02,9.917e+00,1.321e+01,5.480e+00,9.712e+00,nan
2.013e+03,2.860e+02,9.147e+00,1.065e+01,7.270e+00,1.381e+00,nan
2.013e+03,2.870e+02,8.306e+00,1.039e+01,6.140e+00,5.098e+00,nan
2.013e+03,2.880e+02,8.669e+00,1.213e+01,4.250e+00,1.003e+01,nan
2.013e+03,2.890e+02,9.593e+00,1.603e+01,2.410e+00,4.543e+00,1.429e-01
2.013e+03,2.900e+02,1.399e+01,1.731e+01,1.198e+01,9.088e+00,-2.708e+00
2.013e+03,2.910e+02,1.358e+01,1.623e+01,1.096e+01,4.777e+00,nan
2.013e+03,2.920e+02,1.445e+01,1.679e+01,1.208e+01,3.822e+00,2.478e+00
2.013e+03,2.930e+02,1.358e+01,1.536e+01,1.106e+01,4.755e+00,3.333e+00
2.013e+03,2.940e+02,1.525e+01,1.705e+01,1.352e+01,1.880e+00,7.605e+00
2.013e+03,2.950e+02,1.515e+01,1.684e+01,1.172e+01,2.829e+00,6.310e+00
2.013e+03,2.960e+02,1.286e+01,1.536e+01,6.860e+00,5.765e+00,1.280e+00
2.013e+03,2.970e+02,9.950e+00,1.510e+01,3.230e+00,7.390e+00,nan
2.013e+03,2.980e+02,1.517e+01,1.679e+01,1.347e+01,4.810e+00,2.339e+00
2.013e+03,2.990e+02,1.465e+01,1.541e+01,1.290e+01,2.396e+00,4.646e+00
2.013e+03,3.000e+02,1.279e+01,1.480e+01,1.070e+01,6.237e+00,1.990e+00
2.013e+03,3.010e+02,1.219e+01,1.556e+01,8.700e+00,8.657e+00,nan
2.013e+03,3.020e+02,8.510e+00,1.188e+01,5.890e+00,9.651e+00,nan
2.013e+03,3.030e+02,8.610e+00,1.311e+01,2.100e+00,6.560e+00,nan
2.013e+03,3.040e+02,1.176e+01,1.254e+01,1.024e+01,2.542e+00,3.354e+00
2.013e+03,3.050e+02,1.161e+01,1.316e+01,1.034e+01,3.197e+00,2.379e+00
2.013e+03,3.060e+02,1.040e+01,1.372e+01,7.070e+00,5.082e+00,1.209e+00
2.013e+03,3.070e+02,8.279e+00,1.050e+01,6.600e+00,5.807e+00,6.726e-01
2.013e+03,3.080e+02,7.105e+00,1.224e+01,3.580e+00,8.194e+00,nan
2.013e+03,3.090e+02,8.254e+00,1.137e+01,2.870e+00,3.710e+00,nan
2.013e+03,3.100e+02,1.196e+01,1.536e+01,8.760e+00,3.414e+00,1.471e+00
2.013e+03,3.110e+02,9.781e+00,1.418e+01,7.120e+00,3.661e+00,1.514e+00
2.013e+03,3.120e+02,6.290e+00,9.570e+00,4.350e+00,2.111e+00,1.832e+00
2.013e+03,3.130e+02,4.614e+00,6.500e+00,2.710e+00,2.019e+00,nan
2.013e+03,3.140e+02,4.969e+00,8.860e+00,6.100e-01,7.520e+00,-3.648e-01
2.013e+03,3.150e+02,9.030e+00,1.275e+01,2.600e-01,1.325e+00,3.634e+00
2.013e+03,3.160e+02,9.613e+00,1.275e+01,3.530e+00,4.565e+00,1.137e+00
2.013e+03,3.170e+02,4.699e+00,1.004e+01,-1.130e+00,6.536e+00,nan
2.013e+03,3.180e+02,7.286e+00,8.960e+00,3.940e+00,4.905e+00,3.479e-01
2.013e+03,3.190e+02,4.433e+00,8.760e+00,9.200e-01,6.398e+00,-9.983e-01
2.013e+03,3.200e+02,3.710e+00,9.270e+00,-1.840e+00,4.929e+00,nan
2.013e+03,3.210e+02,7.335e+00,8.450e+00,6.250e+00,1.340e+00,nan
2.013e+03,3.220e+02,7.344e+00,9.780e+00,5.220e+00,2.545e+00,nan
2.013e+03,3.230e+02,2.819e+00,5.120e+00,-8.700e-01,5.942e+00,8.688e-01
2.013e+03,3.240e+02,2.832e+00,7.170e+00,-2.200e+00,1.936e+00,nan
2.013e+03,3.250e+02,4.519e+00,7.120e+00,2.710e+00,1.940e+00,nan
2.013e+03,3.260e+02,3.479e+00,7.010e+00,8.700e-01,3.896e+00,nan
2.013e+03,3.270e+02,3.977e+00,6.660e+00,1.540e+00,5.151e+00,nan
2.013e+03,3.280e+02,5.161e+00,7.270e+00,3.530e+00,2.105e+00,nan
2.013e+03,3.290e+02,4.575e+00,6.140e+00,3.330e+00,2.862e+00,nan
2.013e+03,3.300e+02,3.646e+00,6.250e+00,-4.100e-01,5.237e+00,nan
2.013e+03,3.310e+02,7.223e+00,9.270e+00,4.610e+00,1.915e+00,nan
2.013e+03,3.320e+02,7.960e+00,8.760e+00,7.010e+00,9.786e-01,nan
2.013e+03,3.330e+02,7.721e+00,9.220e+00,6.350e+00,1.934e+00,nan
2.013e+03,3.340e+02,5.444e+00,7.270e+00,2.050e+00,2.355e+00,1.237e+00
2.013e+03,3.350e+02,4.627e+00,8.350e+00,0.000e+00,1.472e+00,nan
2.013e+03,3.360e+02,6.637e+00,8.550e+00,4.920e+00,2.092e+00,nan
2.013e+03,3.370e+02,4.932e+00,5.630e+00,3.890e+00,7.663e-01,2.317e+00
2.013e+03,3.380e+02,4.951e+00,7.830e+00,-7.700e-01,1.636e+00,nan
2.013e+03,3.390e+02,4.881e+00,9.880e+00,-1.840e+00,2.490e+00,2.935e+00
2.013e+03,3.400e+02,5.249e+00,7.990e+00,2.000e+00,4.553e+00,nan
2.013e+03,3.410e+02,6.750e+00,8.500e+00,4.660e+00,1.599e+00,1.812e+00
2.013e+03,3.420e+02,7.389e+00,1.065e+01,4.250e+00,2.547e+00,9.378e-01
2.013e+03,3.430e+02,6.617e+00,1.091e+01,6.100e-01,4.142e+00,1.759e+00
2.013e+03,3.440e+02,2.277e+00,8.350e+00,-2.360e+00,2.453e+00,nan
2.013e+03,3.450e+02,1.166e+00,3.740e+00,-1.080e+00,2.642e+00,nan
2.013e+03,3.460e+02,5.392e+00,9.060e+00,-1.280e+00,1.778e+00,2.941e+00
2.013e+03,3.470e+02,9.519e+00,1.101e+01,7.010e+00,1.242e+00,3.547e+00
2.013e+03,3.480e+02,7.615e+00,1.080e+01,3.020e+00,2.330e+00,1.981e+00
2.013e+03,3.490e+02,1.056e+01,1.183e+01,7.480e+00,6.389e-01,4.499e+00
2.013e+03,3.500e+02,1.042e+01,1.193e+01,6.550e+00,6.960e-01,3.623e+00
2.013e+03,3.510e+02,4.576e+00,6.200e+00,3.430e+00,1.641e+00,2.085e+00
2.013e+03,3.520e+02,7.520e+00,9.630e+00,4.200e+00,1.350e+00,3.800e+00
2.013e+03,3.530e+02,5.745e+00,9.060e+00,2.200e+00,3.819e+00,1.689e+00
2.013e+03,3.540e+02,6.305e+00,1.004e+01,1.590e+00,3.785e+00,1.810e+00
2.013e+03,3.550e+02,1.013e+01,1.137e+01,8.760e+00,4.861e-01,3.154e+00
2.013e+03,3.560e+02,7.728e+00,9.730e+00,4.510e+00,3.641e+00,1.950e+00
2.013e+03,3.570e+02,8.587e+00,1.075e+01,4.710e+00,2.975e-01,4.562e+00
2.013e+03,3.580e+02,7.461e+00,1.075e+01,4.200e+00,1.782e+00,2.587e+00
2.013e+03,3.590e+02,3.680e+00,5.580e+00,2.820e+00,1.815e+00,nan
2.013e+03,3.600e+02,2.824e+00,7.730e+00,-1.080e+00,3.186e+00,nan
2.013e+03,3.610e+02,8.689e+00,1.070e+01,6.810e+00,1.410e+00,1.964e+00
2.013e+03,3.620e+02,5.024e+00,7.730e+00,1.080e+00,3.379e+00,nan
2.013e+03,3.630e+02,3.688e+00,7.940e+00,5.000e-02,4.244e+00,nan
2.013e+03,3.640e+02,7.981e+00,9.570e+00,4.920e+00,1.948e+00,2.600e+00
2.013e+03,3.650e+02,7.457e+00,1.004e+01,3.940e+00,6.870e-01,3.778e+00
